tag,eps,seed,name,transform,facenet
robust_eps0,0,,person_a_1,none,0.5930778980255127
robust_eps0,0,,person_a_1,jpeg90,0.5969138145446777
robust_eps0,0,,person_a_1,jpeg75,0.6166006326675415
robust_eps0,0,,person_a_1,jpeg50,0.6160191893577576
robust_eps0,0,,person_a_1,resize75_bili,0.5809023380279541
robust_eps0,0,,person_a_1,resize50_bili,0.6041975021362305
robust_eps0,0,,person_a_1,resize75_area,0.608120322227478
robust_eps0,0,,person_a_1,resize50_area,0.6291365623474121
robust_eps0,0,,person_a_1,crop10,0.579987108707428
robust_eps0,0,,person_a_1,blur0.5,0.623744010925293
robust_eps0,0,,person_a_1,blur1.0,0.5999850630760193
robust_eps0,0,,person_a_2,none,0.7036738991737366
robust_eps0,0,,person_a_2,jpeg90,0.6749469637870789
robust_eps0,0,,person_a_2,jpeg75,0.7293074727058411
robust_eps0,0,,person_a_2,jpeg50,0.6921219825744629
robust_eps0,0,,person_a_2,resize75_bili,0.7308401465415955
robust_eps0,0,,person_a_2,resize50_bili,0.7160455584526062
robust_eps0,0,,person_a_2,resize75_area,0.7400949001312256
robust_eps0,0,,person_a_2,resize50_area,0.702679455280304
robust_eps0,0,,person_a_2,crop10,0.6779387593269348
robust_eps0,0,,person_a_2,blur0.5,0.7131636142730713
robust_eps0,0,,person_a_2,blur1.0,0.7226974964141846
robust_eps0,0,,person_a_3,none,0.5942637324333191
robust_eps0,0,,person_a_3,jpeg90,0.6086728572845459
robust_eps0,0,,person_a_3,jpeg75,0.5828331112861633
robust_eps0,0,,person_a_3,jpeg50,0.5942339897155762
robust_eps0,0,,person_a_3,resize75_bili,0.5898128747940063
robust_eps0,0,,person_a_3,resize50_bili,0.6157403588294983
robust_eps0,0,,person_a_3,resize75_area,0.5838028788566589
robust_eps0,0,,person_a_3,resize50_area,0.6087920665740967
robust_eps0,0,,person_a_3,crop10,0.5971221923828125
robust_eps0,0,,person_a_3,blur0.5,0.6147021055221558
robust_eps0,0,,person_a_3,blur1.0,0.6049466133117676
robust_eps0,0,,person_a_4,none,0.6258373856544495
robust_eps0,0,,person_a_4,jpeg90,0.5874971151351929
robust_eps0,0,,person_a_4,jpeg75,0.6006054282188416
robust_eps0,0,,person_a_4,jpeg50,0.59353107213974
robust_eps0,0,,person_a_4,resize75_bili,0.5947290658950806
robust_eps0,0,,person_a_4,resize50_bili,0.5844790935516357
robust_eps0,0,,person_a_4,resize75_area,0.582999587059021
robust_eps0,0,,person_a_4,resize50_area,0.5887900590896606
robust_eps0,0,,person_a_4,crop10,0.6015602350234985
robust_eps0,0,,person_a_4,blur0.5,0.597787618637085
robust_eps0,0,,person_a_4,blur1.0,0.5845374464988708
robust_eps5_seed0,5,0,person_a_1,none,0.29568397998809814
robust_eps5_seed0,5,0,person_a_1,jpeg90,0.3351519703865051
robust_eps5_seed0,5,0,person_a_1,jpeg75,0.31225156784057617
robust_eps5_seed0,5,0,person_a_1,jpeg50,0.3257749080657959
robust_eps5_seed0,5,0,person_a_1,resize75_bili,0.33505693078041077
robust_eps5_seed0,5,0,person_a_1,resize50_bili,0.3360597789287567
robust_eps5_seed0,5,0,person_a_1,resize75_area,0.33812278509140015
robust_eps5_seed0,5,0,person_a_1,resize50_area,0.31813937425613403
robust_eps5_seed0,5,0,person_a_1,crop10,0.31023335456848145
robust_eps5_seed0,5,0,person_a_1,blur0.5,0.32672882080078125
robust_eps5_seed0,5,0,person_a_1,blur1.0,0.32333245873451233
robust_eps5_seed0,5,0,person_a_2,none,0.25990885496139526
robust_eps5_seed0,5,0,person_a_2,jpeg90,0.22683630883693695
robust_eps5_seed0,5,0,person_a_2,jpeg75,0.2368353307247162
robust_eps5_seed0,5,0,person_a_2,jpeg50,0.2628944516181946
robust_eps5_seed0,5,0,person_a_2,resize75_bili,0.2626340985298157
robust_eps5_seed0,5,0,person_a_2,resize50_bili,0.2662159204483032
robust_eps5_seed0,5,0,person_a_2,resize75_area,0.25733482837677
robust_eps5_seed0,5,0,person_a_2,resize50_area,0.2709953188896179
robust_eps5_seed0,5,0,person_a_2,crop10,0.26447606086730957
robust_eps5_seed0,5,0,person_a_2,blur0.5,0.24688012897968292
robust_eps5_seed0,5,0,person_a_2,blur1.0,0.2784208059310913
robust_eps5_seed0,5,0,person_a_3,none,0.28717827796936035
robust_eps5_seed0,5,0,person_a_3,jpeg90,0.2596997916698456
robust_eps5_seed0,5,0,person_a_3,jpeg75,0.29429498314857483
robust_eps5_seed0,5,0,person_a_3,jpeg50,0.30490487813949585
robust_eps5_seed0,5,0,person_a_3,resize75_bili,0.2933415174484253
robust_eps5_seed0,5,0,person_a_3,resize50_bili,0.25348013639450073
robust_eps5_seed0,5,0,person_a_3,resize75_area,0.29623547196388245
robust_eps5_seed0,5,0,person_a_3,resize50_area,0.27466297149658203
robust_eps5_seed0,5,0,person_a_3,crop10,0.2568921446800232
robust_eps5_seed0,5,0,person_a_3,blur0.5,0.30927592515945435
robust_eps5_seed0,5,0,person_a_3,blur1.0,0.2614690661430359
robust_eps5_seed0,5,0,person_a_4,none,0.38571637868881226
robust_eps5_seed0,5,0,person_a_4,jpeg90,0.425601601600647
robust_eps5_seed0,5,0,person_a_4,jpeg75,0.4274219572544098
robust_eps5_seed0,5,0,person_a_4,jpeg50,0.4263150691986084
robust_eps5_seed0,5,0,person_a_4,resize75_bili,0.4174242317676544
robust_eps5_seed0,5,0,person_a_4,resize50_bili,0.42696088552474976
robust_eps5_seed0,5,0,person_a_4,resize75_area,0.4098491668701172
robust_eps5_seed0,5,0,person_a_4,resize50_area,0.41954419016838074
robust_eps5_seed0,5,0,person_a_4,crop10,0.45356371998786926
robust_eps5_seed0,5,0,person_a_4,blur0.5,0.41829121112823486
robust_eps5_seed0,5,0,person_a_4,blur1.0,0.4373835325241089
robust_eps5_seed1,5,1,person_a_1,none,0.2925871014595032
robust_eps5_seed1,5,1,person_a_1,jpeg90,0.31897932291030884
robust_eps5_seed1,5,1,person_a_1,jpeg75,0.31058257818222046
robust_eps5_seed1,5,1,person_a_1,jpeg50,0.412238210439682
robust_eps5_seed1,5,1,person_a_1,resize75_bili,0.3549676537513733
robust_eps5_seed1,5,1,person_a_1,resize50_bili,0.3771298825740814
robust_eps5_seed1,5,1,person_a_1,resize75_area,0.2505691349506378
robust_eps5_seed1,5,1,person_a_1,resize50_area,0.32252857089042664
robust_eps5_seed1,5,1,person_a_1,crop10,0.3591064214706421
robust_eps5_seed1,5,1,person_a_1,blur0.5,0.28437870740890503
robust_eps5_seed1,5,1,person_a_1,blur1.0,0.3822375535964966
robust_eps5_seed1,5,1,person_a_2,none,0.24337491393089294
robust_eps5_seed1,5,1,person_a_2,jpeg90,0.29295337200164795
robust_eps5_seed1,5,1,person_a_2,jpeg75,0.25753986835479736
robust_eps5_seed1,5,1,person_a_2,jpeg50,0.2597251236438751
robust_eps5_seed1,5,1,person_a_2,resize75_bili,0.26433655619621277
robust_eps5_seed1,5,1,person_a_2,resize50_bili,0.2683835029602051
robust_eps5_seed1,5,1,person_a_2,resize75_area,0.2381286770105362
robust_eps5_seed1,5,1,person_a_2,resize50_area,0.2578440010547638
robust_eps5_seed1,5,1,person_a_2,crop10,0.393667995929718
robust_eps5_seed1,5,1,person_a_2,blur0.5,0.2258078157901764
robust_eps5_seed1,5,1,person_a_2,blur1.0,0.30158066749572754
robust_eps5_seed1,5,1,person_a_3,none,0.12795335054397583
robust_eps5_seed1,5,1,person_a_3,jpeg90,0.16109243035316467
robust_eps5_seed1,5,1,person_a_3,jpeg75,0.14585229754447937
robust_eps5_seed1,5,1,person_a_3,jpeg50,0.13620375096797943
robust_eps5_seed1,5,1,person_a_3,resize75_bili,0.14309044182300568
robust_eps5_seed1,5,1,person_a_3,resize50_bili,0.14243170619010925
robust_eps5_seed1,5,1,person_a_3,resize75_area,0.12988026440143585
robust_eps5_seed1,5,1,person_a_3,resize50_area,0.1547003537416458
robust_eps5_seed1,5,1,person_a_3,crop10,0.11706513911485672
robust_eps5_seed1,5,1,person_a_3,blur0.5,0.12522420287132263
robust_eps5_seed1,5,1,person_a_3,blur1.0,0.12061421573162079
robust_eps5_seed1,5,1,person_a_4,none,0.27136772871017456
robust_eps5_seed1,5,1,person_a_4,jpeg90,0.2519858777523041
robust_eps5_seed1,5,1,person_a_4,jpeg75,0.3148660659790039
robust_eps5_seed1,5,1,person_a_4,jpeg50,0.3050578236579895
robust_eps5_seed1,5,1,person_a_4,resize75_bili,0.30647459626197815
robust_eps5_seed1,5,1,person_a_4,resize50_bili,0.30837684869766235
robust_eps5_seed1,5,1,person_a_4,resize75_area,0.24014803767204285
robust_eps5_seed1,5,1,person_a_4,resize50_area,0.27370020747184753
robust_eps5_seed1,5,1,person_a_4,crop10,0.15745574235916138
robust_eps5_seed1,5,1,person_a_4,blur0.5,0.2874928414821625
robust_eps5_seed1,5,1,person_a_4,blur1.0,0.30812183022499084
robust_eps5_seed2,5,2,person_a_1,none,0.1835089772939682
robust_eps5_seed2,5,2,person_a_1,jpeg90,0.21602757275104523
robust_eps5_seed2,5,2,person_a_1,jpeg75,0.21234509348869324
robust_eps5_seed2,5,2,person_a_1,jpeg50,0.1884467899799347
robust_eps5_seed2,5,2,person_a_1,resize75_bili,0.20898093283176422
robust_eps5_seed2,5,2,person_a_1,resize50_bili,0.2090783566236496
robust_eps5_seed2,5,2,person_a_1,resize75_area,0.2349444478750229
robust_eps5_seed2,5,2,person_a_1,resize50_area,0.1668345332145691
robust_eps5_seed2,5,2,person_a_1,crop10,0.24143736064434052
robust_eps5_seed2,5,2,person_a_1,blur0.5,0.21885277330875397
robust_eps5_seed2,5,2,person_a_1,blur1.0,0.20590296387672424
robust_eps5_seed2,5,2,person_a_2,none,0.31791311502456665
robust_eps5_seed2,5,2,person_a_2,jpeg90,0.3739848732948303
robust_eps5_seed2,5,2,person_a_2,jpeg75,0.3547264635562897
robust_eps5_seed2,5,2,person_a_2,jpeg50,0.3746172785758972
robust_eps5_seed2,5,2,person_a_2,resize75_bili,0.34530672430992126
robust_eps5_seed2,5,2,person_a_2,resize50_bili,0.373296320438385
robust_eps5_seed2,5,2,person_a_2,resize75_area,0.34249377250671387
robust_eps5_seed2,5,2,person_a_2,resize50_area,0.30407124757766724
robust_eps5_seed2,5,2,person_a_2,crop10,0.39017778635025024
robust_eps5_seed2,5,2,person_a_2,blur0.5,0.3368891477584839
robust_eps5_seed2,5,2,person_a_2,blur1.0,0.35025522112846375
robust_eps5_seed2,5,2,person_a_3,none,0.3713722229003906
robust_eps5_seed2,5,2,person_a_3,jpeg90,0.32572078704833984
robust_eps5_seed2,5,2,person_a_3,jpeg75,0.3579177260398865
robust_eps5_seed2,5,2,person_a_3,jpeg50,0.37589743733406067
robust_eps5_seed2,5,2,person_a_3,resize75_bili,0.32651016116142273
robust_eps5_seed2,5,2,person_a_3,resize50_bili,0.30554768443107605
robust_eps5_seed2,5,2,person_a_3,resize75_area,0.361865371465683
robust_eps5_seed2,5,2,person_a_3,resize50_area,0.3519951403141022
robust_eps5_seed2,5,2,person_a_3,crop10,0.3142627477645874
robust_eps5_seed2,5,2,person_a_3,blur0.5,0.37238195538520813
robust_eps5_seed2,5,2,person_a_3,blur1.0,0.31797438859939575
robust_eps5_seed2,5,2,person_a_4,none,0.48611143231391907
robust_eps5_seed2,5,2,person_a_4,jpeg90,0.48725613951683044
robust_eps5_seed2,5,2,person_a_4,jpeg75,0.512805700302124
robust_eps5_seed2,5,2,person_a_4,jpeg50,0.5387498140335083
robust_eps5_seed2,5,2,person_a_4,resize75_bili,0.5023148655891418
robust_eps5_seed2,5,2,person_a_4,resize50_bili,0.487051784992218
robust_eps5_seed2,5,2,person_a_4,resize75_area,0.5300785303115845
robust_eps5_seed2,5,2,person_a_4,resize50_area,0.500281572341919
robust_eps5_seed2,5,2,person_a_4,crop10,0.5153360962867737
robust_eps5_seed2,5,2,person_a_4,blur0.5,0.4905524253845215
robust_eps5_seed2,5,2,person_a_4,blur1.0,0.5198307037353516
